Country,Life Expectancy Both,Life Expectancy Female,Life Expectancy Male,UrbanPopulation Percentage,UrbanPopulation Absolute,Population Density
Afghanistan,66.5,68.1,64.9,26.7,11704638,67
Albania,80.0,81.7,78.1,70.3,1948831,101
Algeria,76.7,78.1,75.3,74.4,35291973,20
Angola,65.0,67.5,62.4,68.8,26847887,31
Antigua and Barbuda,77.9,80.6,74.9,28.5,26823,214
Argentina,77.7,80.2,75.1,96,44010474,17
Armenia,76.0,79.7,71.8,63.8,1882155,104
Aruba,76.6,79.1,74.0,44.7,48340,601
Australia,84.2,86.0,82.4,86.5,23335357,4
Austria,82.3,84.6,80.0,58.6,5337973,111
Azerbaijan,74.7,77.4,71.9,58.7,6101378,126
Bahamas,74.9,78.5,71.2,88.4,356391,40
Bahrain,81.6,82.3,81.0,0,0,2162
Bangladesh,75.2,76.9,73.6,42.6,74837709,1350
Barbados,76.5,78.9,73.9,32.5,91766,657
Belarus,74.8,79.4,69.9,84.4,7589573,44
Belgium,82.4,84.6,80.3,98.8,11613585,388
Belize,73.9,76.8,71.2,48.6,205478,19
Benin,61.1,62.6,59.7,47.8,7076087,131
Bhutan,73.5,75.6,71.8,50.3,400623,21
Bolivia,68.9,71.5,66.4,70.6,8887268,12
Bosnia and Herzegovina,78.2,81.2,74.9,56.3,1768228,62
Botswana,69.4,72.0,66.9,75.6,1937024,5
Brazil,76.2,79.3,73.1,91.4,194451506,25
Brunei,75.7,77.9,73.7,80.1,373730,88
Bulgaria,76.0,79.5,72.5,77.1,5179498,62
Burkina Faso,61.5,63.6,59.3,33.7,8113116,88
Burundi,64.0,66.1,61.9,14.9,2146694,560
Cabo Verde,76.4,79.5,73.3,78.6,414288,131
Cambodia,71.0,73.5,68.3,26.5,4721141,101
Cameroon,64.2,66.5,62.0,59.4,17739676,63
Canada,82.9,85.0,80.7,80.2,32164167,4
Central African Republic,57.9,59.8,55.7,44.5,2451673,9
Chad,55.4,57.4,53.5,22.4,4700984,17
Chile,81.5,83.4,79.7,84.8,16850412,27
China,78.4,81.2,75.7,67.5,956553854,151
Colombia,78.1,80.8,75.4,80.5,43010759,48
Comoros,67.2,69.4,65.2,33.6,296345,474
Congo,66.2,67.9,64.5,69.8,4524254,19
Costa Rica,81.2,83.7,78.6,85.2,4390911,101
Côte d'Ivoire,62.3,64.5,60.3,49,16021559,103
Croatia,78.9,82.0,75.8,61.7,2374884,69
Cuba,78.4,80.8,76.1,81.9,8957468,103
Curaçao,77.2,81.1,72.9,80.8,149822,418
Cyprus,82.0,83.9,80.0,61.1,838047,148
Czech Republic (Czechia),80.1,82.9,77.3,75,7952770,137
Denmark,82.2,84.1,80.4,87.4,5248366,141
Djibouti,66.4,69.0,63.9,71.3,843657,51
Dominican Republic,74.0,77.2,70.8,86.4,9950299,238
DR Congo,62.2,64.4,60.1,45,50722858,50
Ecuador,77.8,80.5,75.1,66,12062680,74
Egypt,72.0,74.2,69.8,40.9,48427431,119
El Salvador,72.5,76.7,68.0,79.9,5085472,307
Equatorial Guinea,64.1,66.1,62.4,63.6,1232213,69
Eritrea,69.2,71.2,67.0,74.8,2698752,36
Estonia,79.5,83.3,75.4,66.9,899102,32
Eswatini,64.4,67.3,61.4,31.3,392638,73
Ethiopia,67.9,71.3,64.6,22.5,30487323,135
Fiji,67.6,69.7,65.6,60.8,567088,51
Finland,82.2,84.9,79.6,86.7,4874169,19
France,83.6,86.3,80.7,82.5,55018724,122
French Guiana,77.4,80.3,74.5,94.5,296315,4
French Polynesia,84.3,86.7,82.0,65.9,186114,77
Gabon,68.7,71.4,66.2,83.7,2171202,10
Gambia,66.3,68.0,64.5,61.3,1731095,279
Georgia,74.8,79.4,69.9,62,2358908,55
Germany,81.7,84.0,79.4,76.5,64345635,241
Ghana,65.9,68.4,63.5,58.6,20539206,154
Greece,82.2,84.6,79.7,89.5,8897137,77
Grenada,75.5,78.6,72.7,35.5,41685,345
Guadeloupe,82.4,85.8,78.6,0,0,221
Guam,77.6,81.7,73.9,98.8,167029,313
Guatemala,72.9,75.2,70.6,56.6,10568383,174
Guinea,61.1,62.3,59.8,40.3,6082701,61
Guinea-Bissau,64.4,66.7,62.0,46.2,1038474,80
Guyana,70.4,74.2,66.7,26.6,222762,4
Haiti,65.3,68.7,62.1,61.7,7343428,432
Honduras,73.2,75.9,70.6,58.3,6421078,98
Hong Kong,85.8,88.4,83.1,0,0,7044
Hungary,77.3,80.5,74.1,72,6937818,106
Iceland,83.2,84.6,81.8,84,334395,4
India,72.5,74.1,71.0,37.1,542742539,492
Indonesia,71.4,73.6,69.3,59.6,170361295,158
Iran,78.1,80.0,76.2,73.3,67760281,57
Iraq,72.5,74.3,70.6,72.4,34038857,108
Ireland,82.7,84.7,80.8,62.1,3294830,77
Israel,82.8,84.8,80.7,91.4,8698204,440
Italy,84.0,86.0,81.9,72,42568771,201
Jamaica,71.7,74.3,69.2,60.2,1706544,262
Japan,85.0,88.0,82.0,93.1,114645589,338
Jordan,78.1,80.5,76.1,85.1,9802267,130
Kazakhstan,74.7,78.6,70.4,55.1,11494249,8
Kenya,64.0,66.3,61.8,31.9,18371967,101
Kiribati,66.7,68.5,64.8,57.3,78192,169
Kuwait,80.8,82.1,79.6,91.6,4602914,282
Kyrgyzstan,72.0,75.6,68.4,35.3,2573712,38
Laos,69.5,71.8,67.3,38.3,3018824,34
Latvia,76.5,80.7,71.9,67.5,1250246,30
Lebanon,78.1,80.0,76.0,86,5032693,572
Lesotho,58.2,60.9,55.4,32.8,774177,78
Liberia,62.5,63.8,61.1,55,3150252,60
Libya,73.2,75.3,71.2,77.5,5780434,4
Lithuania,76.3,80.9,71.6,68.2,1929035,45
Luxembourg,82.5,84.1,80.9,87.2,593272,263
Macao,83.4,85.5,81.3,97.1,701381,24067
Madagascar,64.0,65.8,62.3,40.3,13199949,56
Malawi,67.7,71.0,64.4,19.8,4407124,236
Malaysia,77.0,79.7,74.6,77.4,27844592,110
Maldives,81.5,83.2,80.2,39.6,209810,1766
Mali,60.9,62.4,59.5,44.4,11190626,21
Malta,83.6,85.5,81.7,76.5,417398,1704
Martinique,82.9,85.8,79.6,0,0,321
Mauritania,68.9,71.0,66.9,60.3,3206736,5
Mauritius,75.3,78.5,72.3,41.5,526689,625
Mayotte,76.4,78.7,74.4,41.4,139411,899
Mexico,75.4,78.2,72.6,87.9,115925945,68
Micronesia,71.8,74.8,69.0,23.5,26661,162
Micronesia,71.8,74.8,69.0,23.5,26661,162
Moldova,71.5,75.8,66.8,57.7,1729211,91
Mongolia,72.2,76.9,67.8,67.2,2362934,2
Montenegro,77.4,80.6,74.1,68.7,434519,47
Morocco,75.7,78.0,73.5,67.3,25869035,86
Mozambique,64.0,66.9,60.7,41.6,14810679,45
Myanmar,67.3,70.6,64.2,34.1,18722491,84
Namibia,67.7,71.6,63.6,54.4,1683548,4
Nepal,70.9,72.4,69.3,24.5,7265589,207
Netherlands,82.4,84.0,80.9,88.9,16318658,544
New Caledonia,79.1,81.5,76.6,75.7,223627,16
New Zealand,82.4,84.0,80.8,83.6,4388310,20
Nicaragua,75.3,77.7,72.6,58.1,4071293,58
Niger,61.7,62.7,60.7,18.2,5067678,22
Nigeria,54.8,55.1,54.5,54.9,130312056,261
North Korea,73.9,76.0,71.7,63.3,16815725,221
North Macedonia,77.7,79.8,75.4,69.4,1258951,72
Norway,83.6,85.1,82.1,85.9,4830373,15
Oman,80.5,82.2,78.9,90.8,4989686,18
Pakistan,67.9,70.5,65.6,34.4,87777053,331
Panama,80.0,82.8,77.1,70.7,3229574,61
Papua New Guinea,66.4,69.3,63.9,12.6,1351201,24
Paraguay,74.1,77.2,71.1,68,4770669,18
Peru,78.1,80.5,75.8,80.6,27880400,27
Philippines,70.1,73.1,67.1,49.3,57606092,392
Poland,79.0,82.6,75.3,59.2,22598335,125
Portugal,82.7,85.4,79.9,66.5,6926293,114
Puerto Rico,82.1,85.5,78.5,0,0,365
Qatar,82.7,83.6,82.0,96.6,3010901,268
Réunion,83.8,86.6,80.8,0,0,353
Romania,76.2,79.8,72.7,55.2,10431178,82
Russia,73.5,79.3,67.7,75,108062384,9
Rwanda,68.2,70.4,65.9,18.3,2659944,591
Saint Lucia,73.0,76.6,69.6,19.9,35853,295
Samoa,71.9,74.0,70.1,16.3,35747,77
Sao Tome & Principe,70.1,74.1,66.6,78.2,187994,250
Saudi Arabia,79.2,81.5,77.6,92.1,31842626,16
Senegal,69.2,71.3,67.2,52.3,9903731,98
Serbia,77.1,80.3,73.9,73.6,4923756,76
Seychelles,73.1,76.8,70.2,43.8,58120,289
Sierra Leone,62.1,63.9,60.4,45.5,4017056,122
Singapore,84.0,86.5,81.5,0,0,8387
Slovakia,78.7,81.8,75.4,54,2955290,114
Slovenia,81.9,84.6,79.3,55.7,1179249,105
Solomon Islands,70.8,72.3,69.5,22.8,190885,30
Somalia,59.1,61.7,56.6,46.6,9168559,31
South Africa,66.5,70.0,63.0,66.6,43112579,53
South Korea,84.5,87.4,81.4,82.4,42587468,531
South Sudan,57.9,60.9,54.9,27.7,3378254,20
Spain,84.0,86.6,81.3,79.3,37995950,96
Sri Lanka,77.9,80.9,74.7,18.1,4193316,370
St. Vincent & Grenadines,71.5,74.6,68.9,61.6,61573,256
State of Palestine,73.1,76.9,69.7,84.2,4707958,929
Sudan,66.7,70.0,63.6,35.3,18220482,29
Suriname,73.9,77.1,70.7,62.4,399428,4
Sweden,83.6,85.3,81.8,87.4,9309134,26
Switzerland,84.2,86.1,82.3,74.4,6668094,227
Syria,73.0,75.4,70.6,53.6,13735765,140
Taiwan,80.9,83.9,78.1,84,19421267,653
Tajikistan,72.1,74.3,69.8,27.7,2987515,77
Tanzania,67.4,70.2,64.6,40,28244987,80
Thailand,76.8,81.2,72.6,53.5,38343775,140
Timor-Leste,68.1,69.9,66.5,36,510529,95
Togo,63.1,63.4,62.9,44.2,4295574,179
Tonga,73.2,76.7,69.6,26,26950,144
Trinidad and Tobago,73.7,77.0,70.6,49.1,741616,295
Tunisia,76.9,79.5,74.3,71.7,8853818,79
Turkey,77.8,80.8,74.9,76.9,67446349,114
Turkmenistan,70.3,73.2,67.1,46.5,3540511,16
U.S. Virgin Islands,75.9,81.6,70.9,0,0,240
Uganda,68.7,71.6,65.7,30,15430672,257
Ukraine,74.9,79.5,70.0,76.8,29923619,67
United Arab Emirates,83.2,84.4,82.4,81.1,9207088,136
United Kingdom,81.6,83.4,79.7,84.5,58798650,287
United States,79.6,82.1,77.2,82.8,287421363,38
Uruguay,78.5,82.2,74.6,0,0,19
Uzbekistan,72.7,75.7,69.7,48.1,17835913,87
Vanuatu,71.8,74.3,69.7,25.4,85244,27
Venezuela,72.8,76.8,69.1,0,0,32
Vietnam,74.9,79.5,70.2,41.4,42039428,328
Western Sahara,71.8,74.0,70.1,97,583007,2
Yemen,69.6,71.7,67.5,33,13801674,79
Zambia,66.7,69.1,64.3,46.8,10256668,29
Zimbabwe,63.3,65.6,60.8,37.9,6429761,44
